wsh,uuid,store_size_bytes,store_mtime_iso,result,duration_ms,error_tail
226d5f2c2e2d8097201b0a759d632f7a,f201ebea-9197-4c7f-8f62-ac1ddefc24d8,5689344,2026-06-07T16:13:34.209Z,ok,6868,
60555f94072c02c062583b4f8d5d9fef,deae3878-d0cd-451d-8ab6-b25bd03b7c61,7311360,2026-06-07T13:33:34.467Z,ok,4935,
48166ed9035e16fc7e820dfd65423255,6904d349-f576-489f-bcd7-972f37f3942a,460627968,2026-06-08T12:47:18.316Z,ok,10204,
0f2b4964154f99234eae26a5a2836406,de00a785-4973-422d-b054-c9c20776a67e,1017196544,2026-06-07T13:33:36.239Z,ok,12257,
bb07d0760c0fc3efec2ae92d6b3eea55,35647e2d-b5a7-426f-b917-4c687053321b,2301952,2026-06-07T13:33:34.427Z,ok,7092,
5ae46af31d4f9d068ae2bcaf0ee3c488,a3a06c2e-0635-4a5d-b4b1-62d564f4b84e,114798592,2026-06-07T13:33:33.263Z,ok,5580,
ae2b845af019ca5808411cd9664ad450,a8004545-4624-44ab-9698-7032651036d8,441827328,2026-06-07T13:33:34.107Z,ok,8757,
728f8f444f522ccf86b8c502f5821bb5,a6185b98-d4ce-46b8-8712-5a95373d770c,2994176,2026-06-07T13:33:32.999Z,ok,4959,
f8aed8b1b72cfb5491b0f0e58a969397,4571d413-37da-4800-81da-b6a6f78c637c,23232512,2026-06-07T13:33:32.607Z,ok,5230,
750d32a31ff7d72578d9c620abceb3a3,7fc6d7be-dd36-40e3-bae8-91d297f18647,1523712,2026-06-07T13:33:27.574Z,ok,5135,
3f61e15a595d5351984eaaea3c9270c4,780f9483-3dfd-459d-97da-a9a87285d01c,12193792,2026-06-07T13:33:27.450Z,ok,4921,
a1da37d420be9263ad46a34994d8100a,b161967c-23e4-402a-ae00-42ceae81aecc,3272704,2026-06-07T13:33:26.798Z,ok,4959,
ab1246ba00068fec1a43d49433940b32,d172a5e9-e8da-4f1e-b980-79ace955019a,153440256,2026-06-07T13:33:26.222Z,ok,6050,
67f7a6b54df6853831f8a63c4a8b1b9a,345a20cc-1d60-4b94-bdcd-cf48a9c0984b,7094272,2026-06-07T13:33:21.310Z,ok,5260,
5484439791f3cce6a8e02c215aa2a6c5,aaf9aa82-a0a0-4c57-980b-97ebccf632d9,2121728,2026-06-07T13:33:17.098Z,ok,4929,
add0b7df57c26875bb5d9fdb236b23ba,35dbd891-7271-4573-9a87-b6acc9017197,35016704,2026-06-07T13:33:17.022Z,ok,5871,
aa5fa1123867eddb8ab539e805335359,dfdc9057-add2-46b4-890c-32d85fd0ca4c,24535040,2026-06-07T13:33:16.722Z,ok,5214,
ab11633354f15e960daed16cf8b96a8b,3054d570-fe5d-4d0d-8d4e-9f5ac2a45dea,78864384,2026-06-07T13:27:03.035Z,ok,5959,
dd217dc670fa3fe3264e83dd846ae471,da95d703-a8dd-4b49-bfd9-0a76d6c65392,414138368,2026-06-07T13:33:13.310Z,ok,14918,
6e3bda7e01075ee3c837074caff6257b,5601de19-81f3-4081-915e-9588a081ee42,97038336,2026-06-06T21:04:17.172Z,ok,11693,
d6a2f75aa916873f7907303414123fa0,c5add90a-2389-48c1-a9d6-10d24195435c,98004992,2026-06-07T13:26:59.655Z,ok,14068,
48ac89ac9f206d9b0aac85e3faa7423e,ba02940f-f488-489b-9a2d-c00a0880cfe,6086656,2026-06-06T17:33:55.837Z,ok,4910,
48166ed9035e16fc7e820dfd65423255,29eb10cc-2a6a-4f4b-8911-04500ac699c6,68030464,2026-06-06T16:07:27.044Z,ok,5407,
8f1fcce57fcf11eb735c8857e9097c7d,3df4b1b3-bd5b-4fcf-b9f0-eb2b56915264,44658688,2026-06-06T11:41:20.633Z,ok,5675,
6e1fe4237720a87d5235b8565088a6cc,8dda7bbc-f9e2-4948-b3a7-db4a150142e0,4092354560,2026-06-06T17:34:43.271Z,ok,16327,
ab11633354f15e960daed16cf8b96a8b,8ce8d549-ec94-4bf4-9c9f-db8ab06e6246,41467904,2026-06-06T01:45:16.777Z,ok,5308,
ab11633354f15e960daed16cf8b96a8b,951cf7db-855f-4390-990e-1af1d36e4f99,23257088,2026-06-05T21:27:51.380Z,ok,5228,
ab11633354f15e960daed16cf8b96a8b,961c723b-854d-42be-967b-11f75f47634f,19681280,2026-06-05T21:20:15.170Z,ok,5301,
ab11633354f15e960daed16cf8b96a8b,77948364-3515-491c-bb9e-0176a2aff967,32415744,2026-06-05T13:28:14.510Z,ok,5236,
574115c39ecd68efe3ab1a9d88997bef,bcf1c6ba-07ca-4324-81dc-dc13934fb66c,13029376,2026-06-05T00:22:22.257Z,ok,5166,
ab11633354f15e960daed16cf8b96a8b,3881bf92-182c-41f2-a0bc-2465ac4a82c2,19435520,2026-06-04T21:41:22.526Z,ok,5274,
ab11633354f15e960daed16cf8b96a8b,dd581265-5a48-4448-99c0-1c97bdb19c37,47165440,2026-06-04T17:58:16.650Z,ok,5111,
ab11633354f15e960daed16cf8b96a8b,a701abfd-0ffa-4aae-9989-183ccdf8c9cd,262144,2026-06-04T17:58:03.402Z,ok,4910,
48166ed9035e16fc7e820dfd65423255,52982f98-62e2-4761-81bb-1c421797562c,13070336,2026-06-04T17:49:10.265Z,ok,5160,
48166ed9035e16fc7e820dfd65423255,f64eef7b-effd-488c-a707-01fbd2e36fc3,4632576,2026-06-04T17:43:31.459Z,ok,4845,
982259e7497ee59fb7362a1be3162075,1d681fac-3768-4409-a125-05cca77ab5b9,8880128,2026-06-04T17:43:00.110Z,ok,5080,
48166ed9035e16fc7e820dfd65423255,647080e0-a0e3-4a4e-aed5-c9a007dca76d,51818496,2026-06-04T17:42:09.604Z,ok,5187,
30dfeef4d3dc2b7bc69953b707a88103,c6e0b245-25e5-45fa-b615-e7724b1c2b2b,1990656,2026-06-04T17:24:11.660Z,ok,5080,
cbd722ab7c9e0d9824ab617a43937f26,f201ebea-9197-4c7f-8f62-ac1ddefc24d8,168554496,2026-06-04T15:17:12.272Z,ok,5284,
47595719fa0587ab03bb15de94a8ed88,f2e7975b-1a93-4839-9951-1ca446b6676f,13574144,2026-06-04T12:02:15.098Z,ok,4866,
ab11633354f15e960daed16cf8b96a8b,1a607d29-8453-4a72-a050-3c98e754ca42,9797632,2026-06-04T10:35:31.883Z,ok,4888,
48166ed9035e16fc7e820dfd65423255,8a1321a8-02ba-4ad4-8e0a-012821e003e7,90574848,2026-06-03T11:01:44.938Z,ok,5521,
ab11633354f15e960daed16cf8b96a8b,c761b906-e66a-44b4-85a8-fff08cdc0711,3330048,2026-06-02T18:37:46.850Z,ok,4881,
ab11633354f15e960daed16cf8b96a8b,d4f1792b-2787-42a8-9e01-6b3d101d68f2,6135808,2026-06-02T17:44:44.231Z,ok,5077,
ab11633354f15e960daed16cf8b96a8b,f457f8de-d841-4f68-aebd-49a26239fc54,18460672,2026-06-02T17:22:17.877Z,ok,5038,
17f6b4af37903d5e5354fe5e112e1424,9118c502-4253-42a8-8d4d-0ce123c1f519,17526784,2026-06-02T17:06:09.631Z,ok,5105,
ab11633354f15e960daed16cf8b96a8b,264d66fd-ed3c-4de6-9fed-71acc0ef1fcd,20480,2026-06-02T17:06:08.059Z,ok,5100,
cbd722ab7c9e0d9824ab617a43937f26,6904d349-f576-489f-bcd7-972f37f3942a,110592,2026-06-02T16:01:35.725Z,ok,4951,
aa5fa1123867eddb8ab539e805335359,6904d349-f576-489f-bcd7-972f37f3942a,110592,2026-06-02T16:01:24.293Z,ok,5150,
48166ed9035e16fc7e820dfd65423255,4998ff8f-31db-4628-bc65-696c094230d6,79835136,2026-06-02T12:26:02.637Z,ok,5611,
48166ed9035e16fc7e820dfd65423255,38a186c8-12e3-4dbb-9892-e7b9805719c1,12902400,2026-06-02T12:24:28.986Z,ok,5018,
41d08c3c757fb4e9517d51cd34f14829,069a2c20-7b7b-4d8d-879c-cf62eeabc683,2404352,2026-06-02T11:55:57.112Z,ok,5116,
48166ed9035e16fc7e820dfd65423255,b48eb12a-48f4-44a7-b662-3b1efb618807,8425472,2026-06-02T05:26:19.751Z,ok,4967,
8315f35d1e9dcd5514a6deb4b7857dfb,b9e3780f-a5d9-4854-a4af-b0dde385f473,5337088,2026-06-02T04:06:42.238Z,ok,5387,
48166ed9035e16fc7e820dfd65423255,c1a96471-67df-470c-b609-ec767e8893c5,98304,2026-06-01T12:05:09.485Z,ok,4918,
5ae46af31d4f9d068ae2bcaf0ee3c488,bd2220d4-dc13-4fb2-899d-e72a86026f62,241664,2026-06-01T20:21:37.243Z,ok,5092,
48166ed9035e16fc7e820dfd65423255,95a311e6-3063-4405-b5ad-4714b3ed2a05,34189312,2026-06-01T07:13:12.332Z,ok,5060,
3a3a7736d9cc9dbbfaad283ba563b9d5,dbab8e7f-b2b3-41ff-8e5d-af9aa6b212eb,10862592,2026-06-01T05:12:45.348Z,ok,5355,
41d08c3c757fb4e9517d51cd34f14829,7cc8e1a2-3363-4a58-b613-39b7a7966401,4767744,2026-06-01T02:24:52.661Z,ok,5156,
ab11633354f15e960daed16cf8b96a8b,d9b4640b-22a8-47fd-abf8-ff7b7ea9d902,299008,2026-06-01T01:09:29.233Z,ok,5558,
ab11633354f15e960daed16cf8b96a8b,a91c06a8-8155-4096-add2-d7bdd1f01136,303104,2026-06-01T00:08:35.340Z,ok,5303,
ab11633354f15e960daed16cf8b96a8b,1ec253ee-f073-436e-8f47-7cdbdd18c810,307200,2026-05-31T23:06:31.729Z,ok,5201,
ab11633354f15e960daed16cf8b96a8b,1cd8fd07-d5ef-4238-9371-b9b4b53e8298,307200,2026-05-31T22:06:20.669Z,ok,5125,
ab11633354f15e960daed16cf8b96a8b,448573fa-2803-4759-92a4-e185d05ecdd7,335872,2026-05-31T21:05:28.677Z,ok,5197,
ab11633354f15e960daed16cf8b96a8b,6f7ba85b-7484-4cce-b7b8-a08b526013d9,299008,2026-05-31T20:02:28.295Z,ok,5293,
ab11633354f15e960daed16cf8b96a8b,766ec003-08ae-4b00-9b73-3c1b2f12c56f,303104,2026-05-31T19:01:08.548Z,ok,5428,
ab11633354f15e960daed16cf8b96a8b,069ab90a-fb18-43df-99cd-bc18a460fde2,315392,2026-05-31T18:00:02.017Z,ok,5480,
ab11633354f15e960daed16cf8b96a8b,09480caa-a76f-4b7e-a7b6-bae6f47d55a5,303104,2026-05-31T16:57:05.838Z,ok,5198,
ab11633354f15e960daed16cf8b96a8b,e1349335-5d51-4ae9-afac-810c614d020f,311296,2026-05-31T15:54:22.069Z,ok,5434,
d42b9c57d24cf5db3bd8d332dc35437f,367e7369-5ea2-409b-bfef-35b929b28f69,73728,2026-05-31T15:46:16.795Z,ok,5428,
ab11633354f15e960daed16cf8b96a8b,0b10650a-ec1f-40e6-bcc5-bdde863aec0d,323584,2026-05-31T13:48:43.909Z,ok,5478,
ab11633354f15e960daed16cf8b96a8b,38de56d4-dffe-409f-9e03-8f23d95880f2,327680,2026-05-31T12:48:23.999Z,ok,5780,
48ac89ac9f206d9b0aac85e3faa7423e,c2892072-6cc1-4527-be24-87623a7870d4,8441856,2026-05-31T11:55:53.927Z,ok,5621,
ab11633354f15e960daed16cf8b96a8b,6c28a5da-50a4-414d-b762-ec17dd98380d,335872,2026-05-31T11:48:07.130Z,ok,5228,
ab11633354f15e960daed16cf8b96a8b,24983549-0c6e-47cd-92dc-aed7abc5e9e2,851968,2026-05-31T10:51:50.435Z,ok,5259,
ab11633354f15e960daed16cf8b96a8b,253c8f9e-6c70-4b19-b908-835bc686591e,311296,2026-05-31T10:47:55.808Z,ok,5128,
ab11633354f15e960daed16cf8b96a8b,5bb736c6-927c-44b6-8877-ed4013909916,31088640,2026-05-31T10:37:09.162Z,ok,5390,
ab11633354f15e960daed16cf8b96a8b,383265c2-76c3-4032-a0a4-9c0be09d89e4,299008,2026-05-31T09:46:34.050Z,ok,5231,
ab11633354f15e960daed16cf8b96a8b,3d57d88b-f52a-4fc8-9cd3-5fe578875e30,303104,2026-05-31T08:45:46.364Z,ok,5165,
ab11633354f15e960daed16cf8b96a8b,8ce07ca9-d8cc-4889-a173-76493f4ec5f3,303104,2026-05-31T07:43:39.837Z,ok,5347,
ab11633354f15e960daed16cf8b96a8b,f8a1d2bb-b57c-44bc-bfd0-9040d8fcbfe2,315392,2026-05-31T06:42:20.951Z,ok,5320,
ab11633354f15e960daed16cf8b96a8b,f9c6c3c0-4856-46b1-a270-bf095dd6faab,311296,2026-05-31T05:41:17.088Z,ok,5220,
ab11633354f15e960daed16cf8b96a8b,3934e3de-cb2e-40e6-a203-21f8fdb5ab43,311296,2026-05-31T04:40:27.668Z,ok,5252,
ab11633354f15e960daed16cf8b96a8b,002885f8-107c-4fcf-876a-11d43a811add,319488,2026-05-31T03:38:29.026Z,ok,5321,
ab11633354f15e960daed16cf8b96a8b,a5985eca-d3d6-4404-8d21-ddf4b90f470e,307200,2026-05-31T02:38:11.961Z,ok,5220,
ab11633354f15e960daed16cf8b96a8b,ec2af91f-0714-4550-8c55-6c508f48726e,311296,2026-05-31T01:35:39.253Z,ok,5203,
ab11633354f15e960daed16cf8b96a8b,44e05e7a-636e-4ba5-8f84-43c3fb7a126a,311296,2026-05-31T00:35:19.953Z,ok,5189,
ab11633354f15e960daed16cf8b96a8b,21bd79e1-5146-47f8-953e-ae7bf62246b1,327680,2026-05-30T23:32:34.703Z,ok,5265,
ab11633354f15e960daed16cf8b96a8b,6caf0236-a3a0-4d4a-8d26-1162955307fe,307200,2026-05-30T22:31:14.949Z,ok,5250,
ab11633354f15e960daed16cf8b96a8b,65a71c7b-85c1-4de0-b64e-261f95840d66,307200,2026-05-30T21:31:14.706Z,ok,5400,
ab11633354f15e960daed16cf8b96a8b,126bf66f-3a08-4d1c-9221-ebae6962cca8,35778560,2026-05-30T22:17:56.419Z,ok,5786,
ab11633354f15e960daed16cf8b96a8b,e7d68d27-2a6c-4370-9c39-69f8addf2b24,315392,2026-05-30T20:29:49.634Z,ok,5314,
ab11633354f15e960daed16cf8b96a8b,97e75f65-438b-421b-99af-2d0b71664cc0,323584,2026-05-30T19:29:19.671Z,ok,5244,
ab11633354f15e960daed16cf8b96a8b,c0a5174f-88dd-4b1c-a690-ca9dad55ab88,307200,2026-05-30T18:28:00.562Z,ok,5320,
ab11633354f15e960daed16cf8b96a8b,528ad20b-1671-4572-96f1-573ce057984c,319488,2026-05-30T17:27:33.577Z,ok,5499,
ab11633354f15e960daed16cf8b96a8b,01d12d39-c585-4a5a-8e5d-7442e6166533,303104,2026-05-30T16:26:50.886Z,ok,5356,
ab11633354f15e960daed16cf8b96a8b,0ec6e1b8-8314-449a-a92b-e5a2ef21f71d,17248256,2026-05-30T15:32:45.507Z,ok,5368,
ab11633354f15e960daed16cf8b96a8b,b25b2d42-42b9-4f1a-aad7-9da67f23d70b,303104,2026-05-30T15:24:05.752Z,ok,5499,
48166ed9035e16fc7e820dfd65423255,705c0f62-4075-4398-b6c4-017d4ef1359d,7286784,2026-05-30T15:22:41.350Z,ok,5634,
ab11633354f15e960daed16cf8b96a8b,4ee1ffa5-1b2f-47da-ba48-912f4429c757,27381760,2026-05-30T14:59:15.807Z,ok,6109,
ab11633354f15e960daed16cf8b96a8b,c47efff0-179e-433a-908d-c1260db8b7e0,315392,2026-05-30T14:23:44.721Z,ok,5561,
ab11633354f15e960daed16cf8b96a8b,6d677ed5-e59c-4130-b817-ae7f2e90de64,303104,2026-05-30T13:23:44.252Z,ok,5183,
ab11633354f15e960daed16cf8b96a8b,4c409f66-9929-4f0e-a395-71954475bdaf,307200,2026-05-30T12:22:49.680Z,ok,5449,
ab11633354f15e960daed16cf8b96a8b,4ef54120-356d-497e-bfca-ee9a4b05bd73,303104,2026-05-30T11:20:44.189Z,ok,5296,
ab11633354f15e960daed16cf8b96a8b,1b715fc5-3cbc-440f-af6b-c6569a86daf2,307200,2026-05-30T10:19:33.978Z,ok,5175,
1add84c060b6e66ff06ac9d6216f6f9e,e0d0c092-dd13-4714-b203-5904741eb5d5,1748992,2026-05-30T10:08:06.341Z,ok,5338,
ab11633354f15e960daed16cf8b96a8b,40e61ef1-b6c0-429a-bf03-58d065a58f3e,311296,2026-05-30T09:19:09.691Z,ok,5279,
ab11633354f15e960daed16cf8b96a8b,8b0f9ecd-0f94-4740-beba-9dd6018eae15,286720,2026-05-30T08:16:24.372Z,ok,5208,
ab11633354f15e960daed16cf8b96a8b,84062586-8236-4c43-b4cf-1734a651cf98,286720,2026-05-30T07:14:11.305Z,ok,5582,
ab11633354f15e960daed16cf8b96a8b,77592c9d-7a3f-4898-9898-17e553d700a5,286720,2026-05-30T06:12:46.643Z,ok,5311,
ab11633354f15e960daed16cf8b96a8b,72b5d2dc-8ed0-4620-91c0-ab9fdeb2a3bd,290816,2026-05-30T05:10:01.008Z,ok,5332,
ab11633354f15e960daed16cf8b96a8b,cf6a1433-9ace-427a-92bb-85ebe66fb371,299008,2026-05-30T04:07:10.453Z,ok,5359,
ab11633354f15e960daed16cf8b96a8b,4e327985-ee50-419b-9059-c9e0ea29429b,315392,2026-05-30T03:06:47.712Z,ok,5293,
ab11633354f15e960daed16cf8b96a8b,d8b652a6-bcc1-4f95-b467-a221f0212c71,303104,2026-05-30T02:04:55.683Z,ok,5538,
ab11633354f15e960daed16cf8b96a8b,a6c617d4-6ecd-4460-b6e9-7f624c71216d,294912,2026-05-30T01:04:23.705Z,ok,5671,
ab11633354f15e960daed16cf8b96a8b,c4169907-9069-46fc-807d-2eaa47392787,299008,2026-05-30T00:03:09.115Z,ok,5390,
ab11633354f15e960daed16cf8b96a8b,b78e65cc-05dc-411d-b89f-ebf54acb7a9c,299008,2026-05-29T23:00:25.013Z,ok,5558,
ab11633354f15e960daed16cf8b96a8b,9269fdee-de3b-4d8d-82c9-fd524f983819,311296,2026-05-29T21:58:46.407Z,ok,5472,
ab11633354f15e960daed16cf8b96a8b,ea7153ff-3608-4a3b-8180-2bba77f3b7f7,299008,2026-05-29T20:57:07.972Z,ok,5258,
ab11633354f15e960daed16cf8b96a8b,0e7bf2c7-0f91-4eeb-b1ec-722d61d7c106,303104,2026-05-29T19:54:49.754Z,ok,5538,
ab11633354f15e960daed16cf8b96a8b,2578c69d-5ff2-4ad6-820f-05a725573efb,303104,2026-05-29T18:54:16.255Z,ok,5308,
ab11633354f15e960daed16cf8b96a8b,4242b782-d1fe-483d-b8c3-5ef447c36313,303104,2026-05-29T17:51:59.891Z,ok,5185,
82f983bb77a7d5df54d6b22b4b57d246,5a3accc5-157d-4727-a7d3-56ad08ae5a48,2850816,2026-05-29T16:51:10.789Z,ok,5598,
ab11633354f15e960daed16cf8b96a8b,ad2424a4-db2f-44e2-a6bf-fe30597045c0,286720,2026-05-29T16:49:47.166Z,ok,5147,
ab11633354f15e960daed16cf8b96a8b,8f86bd77-687a-434e-a61e-c54f26b5eb32,4091904,2026-05-29T16:28:54.900Z,ok,5359,
ab11633354f15e960daed16cf8b96a8b,4239e75d-234d-4d11-a90c-83a72ee4a3fd,290816,2026-05-29T15:47:35.260Z,ok,5122,
ab11633354f15e960daed16cf8b96a8b,0ef17fc2-5ef6-4f91-b338-636138e4b062,290816,2026-05-29T14:46:49.676Z,ok,5263,
ab11633354f15e960daed16cf8b96a8b,88723836-dcea-4257-9eed-0bb45f6ef9c8,286720,2026-05-29T13:46:15.528Z,ok,5238,
ab11633354f15e960daed16cf8b96a8b,9aab41c6-961e-483a-8140-1e55bf9dc081,286720,2026-05-29T12:43:57.586Z,ok,5179,
ab11633354f15e960daed16cf8b96a8b,863b0eb8-722a-47b4-82c1-262b68967aa0,282624,2026-05-29T11:41:47.079Z,ok,5392,
3c9e601668a4756311b23920e3410ad7,615ca804-2077-4f0b-a839-b98f04fcd465,8388608,2026-05-29T11:13:41.622Z,ok,5158,
ab11633354f15e960daed16cf8b96a8b,3b1d089a-b099-4414-a59f-b9a56fb86774,282624,2026-05-29T10:39:27.331Z,ok,5380,
ab11633354f15e960daed16cf8b96a8b,e50d3941-4cf4-4172-b624-196f621e5906,274432,2026-05-29T09:38:23.452Z,ok,5483,
ab11633354f15e960daed16cf8b96a8b,6d8cc66e-8bf0-496e-8776-5998dc786008,266240,2026-05-29T08:37:27.156Z,ok,5399,
ab11633354f15e960daed16cf8b96a8b,9db12a0d-6458-4428-a934-6752c700a6df,266240,2026-05-29T07:36:02.204Z,ok,5450,
ab11633354f15e960daed16cf8b96a8b,9cdff57d-3d75-4910-8e13-7dc6502cb243,270336,2026-05-29T06:33:34.196Z,ok,5291,
ab11633354f15e960daed16cf8b96a8b,cba10cbf-cf98-4685-86a9-7bf5e804b4ff,266240,2026-05-29T05:31:57.782Z,ok,5210,
ab11633354f15e960daed16cf8b96a8b,84b5858c-a79c-4c53-9951-ce0a73cb3285,282624,2026-05-29T04:30:38.355Z,ok,5474,
ab11633354f15e960daed16cf8b96a8b,513abe8e-06c4-4e68-a84d-b730f3d7f0eb,286720,2026-05-29T03:29:00.324Z,ok,5400,
ab11633354f15e960daed16cf8b96a8b,4641c95a-b51f-4765-a955-5dbadf76c25f,278528,2026-05-29T02:27:31.150Z,ok,5274,
ab11633354f15e960daed16cf8b96a8b,6685ffae-b848-4d59-8822-4be38c3808da,49725440,2026-05-29T02:10:07.842Z,ok,5622,
ab11633354f15e960daed16cf8b96a8b,07821909-777c-4fec-9fc5-4450d9dc4c28,274432,2026-05-29T01:25:09.977Z,ok,5235,
ab11633354f15e960daed16cf8b96a8b,defadceb-b142-47ac-8f5f-6a77604aefae,274432,2026-05-29T00:22:39.655Z,ok,5228,
ab11633354f15e960daed16cf8b96a8b,2d82c13d-afb7-4f4f-bc85-685d5fa88b5e,274432,2026-05-28T23:20:32.121Z,ok,5723,
ab11633354f15e960daed16cf8b96a8b,9fa84640-46ed-43f9-93b7-fce95d9f5000,282624,2026-05-28T22:19:32.824Z,ok,5402,
ab11633354f15e960daed16cf8b96a8b,ad2493d4-764b-47e8-94c7-d5c4e3198cba,274432,2026-05-28T21:16:49.708Z,ok,5138,
ab11633354f15e960daed16cf8b96a8b,473daccf-4aa2-408d-8719-e7db97268d1c,282624,2026-05-28T20:15:17.184Z,ok,5640,
ab11633354f15e960daed16cf8b96a8b,9f6b90a1-0f19-4c7f-8aaf-3d36b8e3f5ba,262144,2026-05-28T19:14:09.834Z,ok,5184,
ab11633354f15e960daed16cf8b96a8b,3651e338-3dd2-4cf8-bbee-6536a8b866b5,249856,2026-05-28T18:13:27.264Z,ok,5346,
ab11633354f15e960daed16cf8b96a8b,890bd5ab-0bad-4f12-b77b-18c948e1c077,253952,2026-05-28T17:11:35.535Z,ok,5119,
ab11633354f15e960daed16cf8b96a8b,5e2273f8-d56e-42cb-adad-488986f88ee4,249856,2026-05-28T16:09:45.299Z,ok,5294,
ab11633354f15e960daed16cf8b96a8b,c46aad0d-c248-48e0-9040-8832222c4c16,245760,2026-05-28T15:08:43.376Z,ok,5227,
ab11633354f15e960daed16cf8b96a8b,3a64a092-140e-408f-8136-da6a4758fee0,245760,2026-05-28T14:07:25.686Z,ok,5169,
ab11633354f15e960daed16cf8b96a8b,6d4e3f25-62ac-4265-9d29-906d861f6f56,241664,2026-05-28T13:06:34.612Z,ok,5222,
ab11633354f15e960daed16cf8b96a8b,75a44bcc-81b2-407b-b4c8-680b5ef13115,3670016,2026-05-28T12:35:39.389Z,ok,5331,
ab11633354f15e960daed16cf8b96a8b,8cd6887f-00b7-41b3-83e7-c3ea50d44943,233472,2026-05-28T12:06:26.910Z,ok,5280,
ab11633354f15e960daed16cf8b96a8b,19f61414-a97d-4e6b-b227-4a72a3f65e8e,233472,2026-05-28T11:05:48.275Z,ok,5126,
ab11633354f15e960daed16cf8b96a8b,46440db1-6b82-404c-8871-d0f8a1f57bd4,229376,2026-05-28T10:03:47.166Z,ok,5420,
ab11633354f15e960daed16cf8b96a8b,d3af5a93-a63d-44f1-92ef-1f080ec3ad88,229376,2026-05-28T08:00:17.760Z,ok,5342,
ab11633354f15e960daed16cf8b96a8b,b14e35e5-4dc3-481b-9541-6a650e0426c7,229376,2026-05-28T09:01:52.896Z,ok,5382,
ab11633354f15e960daed16cf8b96a8b,ade251d3-ec94-4f8e-a2c3-5cf48e80e88c,225280,2026-05-28T06:59:15.704Z,ok,5285,
ab11633354f15e960daed16cf8b96a8b,0923824e-8af5-4b23-8321-61b7f87324f9,225280,2026-05-28T05:57:26.767Z,ok,5148,
ab11633354f15e960daed16cf8b96a8b,108be9b6-f916-4776-b67d-3e896494e289,225280,2026-05-28T03:56:43.828Z,ok,5402,
ab11633354f15e960daed16cf8b96a8b,5b471c9b-f39d-443d-8237-5a4d0b034bf5,217088,2026-05-28T04:56:55.668Z,ok,5478,
ab11633354f15e960daed16cf8b96a8b,0b2093ab-18d0-443b-bd47-5bf6bd376d57,221184,2026-05-28T02:56:36.117Z,ok,5275,
ab11633354f15e960daed16cf8b96a8b,15072a10-2b5d-457f-8bc3-502a0bfe30e7,212992,2026-05-28T01:54:54.497Z,ok,5436,
ab11633354f15e960daed16cf8b96a8b,f4d653b1-9621-4335-b396-67565f32281c,212992,2026-05-28T00:52:05.669Z,ok,5196,
ab11633354f15e960daed16cf8b96a8b,8d7d865b-e719-4413-b445-67cb30b78469,208896,2026-05-27T23:49:23.203Z,ok,5171,
ab11633354f15e960daed16cf8b96a8b,76665286-df60-4b9c-aec5-bde3032de8f8,221184,2026-05-27T22:49:13.236Z,ok,5242,
ab11633354f15e960daed16cf8b96a8b,ad2e0a1e-976c-4376-bb8e-0455922dfaff,229376,2026-05-27T21:47:49.860Z,ok,5186,
ab11633354f15e960daed16cf8b96a8b,18dc69f4-1b1e-4a0c-b1fc-773b91cfa52f,196608,2026-05-27T20:46:21.774Z,ok,5328,
ab11633354f15e960daed16cf8b96a8b,d7d4b2ba-b54c-4659-b8f6-633a3d7a23a6,184320,2026-05-27T16:43:45.068Z,ok,5186,
3bbd0aed4a9a3bda176daf6ed215a882,d2b0370c-3e29-4462-9296-f984f0614aef,209145856,2026-05-27T18:34:01.399Z,ok,6082,
ab11633354f15e960daed16cf8b96a8b,c6c90d5b-3ba7-438e-a32d-962c244e2ce8,172032,2026-05-27T16:42:48.886Z,ok,5161,
ab11633354f15e960daed16cf8b96a8b,2b9caf3b-5022-4d51-a8fe-2672dbbe0d23,180224,2026-05-27T16:40:31.390Z,ok,5071,
ab11633354f15e960daed16cf8b96a8b,eda168f6-7b84-4639-93c8-a1c402b811f8,172032,2026-05-27T16:42:35.826Z,ok,5530,
ab11633354f15e960daed16cf8b96a8b,0318bf6e-56bb-41b5-bf60-97dc39b3c7d5,172032,2026-05-27T16:40:12.262Z,ok,5336,
ab11633354f15e960daed16cf8b96a8b,5d590a57-59d8-4805-928f-0bf4335d53ff,180224,2026-05-27T16:39:59.837Z,ok,5296,
ab11633354f15e960daed16cf8b96a8b,13a2e589-f274-445c-8a3d-aa48f762dcfd,196608,2026-05-27T15:13:14.971Z,ok,5263,
3201af86150791d7b4e8ba4a039d52ec,d901f7da-ee86-4ddc-9d16-ee7860080df9,3698688,2026-05-26T23:42:32.336Z,ok,5533,
48166ed9035e16fc7e820dfd65423255,9dea1206-6f93-45fb-b98a-56f65c78aae8,5509120,2026-05-26T23:26:47.884Z,ok,5372,
aa67d2e152becff0c9043463f91f4369,b10f7cc4-101f-4ddc-ae02-aac213152dec,6148096,2026-05-26T21:47:11.150Z,ok,5420,
3bbd0aed4a9a3bda176daf6ed215a882,b52e3f51-3372-417d-8d04-eda9d6e0f494,12701696,2026-05-26T14:14:54.312Z,ok,5476,
48166ed9035e16fc7e820dfd65423255,2898ef13-f83b-4c4e-b638-63ea72fef9e9,102400,2026-05-26T11:43:13.198Z,ok,5263,
3bbd0aed4a9a3bda176daf6ed215a882,4803a582-dec8-4d0a-8686-8e02cd9b7e99,15675392,2026-05-26T07:59:22.241Z,ok,5366,
4921046521495b592458d3a53b6f3255,578a4cae-a585-4c0f-8e3a-76212d79f27f,491520,2026-05-25T10:31:35.847Z,ok,8613,
5cb68315c4bb25963aab26057d4a24d3,5a2fba34-4b5e-4762-8e39-471149bb5b9a,107888640,2026-05-25T13:53:07.074Z,ok,10835,
48ac89ac9f206d9b0aac85e3faa7423e,ba02940f-f488-489b-9a2d-c00a0880cfe2,479232,2026-05-23T18:19:51.872Z,ok,11739,
3bbd0aed4a9a3bda176daf6ed215a882,c4b5fb93-a2da-4b69-bb28-3825c2d6224c,145010688,2026-05-23T18:08:50.968Z,ok,6134,
3bbd0aed4a9a3bda176daf6ed215a882,86ed7779-9f21-46b9-8355-0fc7750d2f34,75968512,2026-05-23T18:08:50.964Z,ok,5924,
3bbd0aed4a9a3bda176daf6ed215a882,ee9f2b6e-333e-450b-b0f3-dbc928c445f2,1223118848,2026-05-23T18:08:50.972Z,ok,14463,
3bbd0aed4a9a3bda176daf6ed215a882,e41b83cf-fc11-4983-8157-116e80df9b03,25022464,2026-05-23T18:08:50.960Z,ok,5460,
48ac89ac9f206d9b0aac85e3faa7423e,0b1ecb81-b607-4db1-9452-3bf5fe3dcf2b,614400,2026-05-23T18:08:23.451Z,ok,5602,
48ac89ac9f206d9b0aac85e3faa7423e,868cd88d-c394-4081-acdb-4fc89f6ff35a,430080,2026-05-23T18:08:23.443Z,ok,5648,
17f6b4af37903d5e5354fe5e112e1424,f8529c0c-0825-4866-84f8-c813dc66f7af,120434688,2026-05-23T18:08:25.303Z,ok,6314,
48ac89ac9f206d9b0aac85e3faa7423e,c11d2118-ed17-4128-ac49-c5d9faf73523,638976,2026-05-23T18:08:23.431Z,ok,5471,
48ac89ac9f206d9b0aac85e3faa7423e,ea75c6c8-0295-4ce5-a3fe-4e8d29af9b57,1261568,2026-05-23T18:08:23.419Z,ok,5586,
f3b81fd706a98d15d221100b560a5a77,019c32e8-f7b7-7070-bd0a-e7f47ab0817d,86016,2026-05-23T18:08:21.579Z,ok,5557,
48ac89ac9f206d9b0aac85e3faa7423e,da95d703-a8dd-4b49-bfd9-0a76d6c65392,617385984,2026-05-23T18:08:23.427Z,ok,7213,
f3b81fd706a98d15d221100b560a5a77,19512c52-38c0-4de5-a493-7b0b13efb520,2461696,2026-05-23T18:08:21.571Z,ok,5326,
f3b81fd706a98d15d221100b560a5a77,2da6e194-ee02-4f14-9860-e86e35f3aae4,274432,2026-05-23T18:08:21.567Z,ok,5259,
f3b81fd706a98d15d221100b560a5a77,3e813545-776a-4baa-977a-476728a3fab0,257945600,2026-05-23T18:08:21.559Z,ok,6333,
f3b81fd706a98d15d221100b560a5a77,a3a06c2e-0635-4a5d-b4b1-62d564f4b84e,81920,2026-05-23T18:08:21.551Z,ok,5763,
f3b81fd706a98d15d221100b560a5a77,b117086b-3e3e-4847-bdee-5a9fb8c98ec0,516902912,2026-05-23T18:08:21.547Z,ok,7438,
f3b81fd706a98d15d221100b560a5a77,b1b09d99-bdda-4e37-be34-4de3558645b4,294912,2026-05-23T18:08:21.539Z,ok,5354,
f3b81fd706a98d15d221100b560a5a77,da95d703-a8dd-4b49-bfd9-0a76d6c65392,1306624,2026-05-23T18:08:21.535Z,ok,5431,
f3b81fd706a98d15d221100b560a5a77,dba3c440-0ed3-4468-b33c-f55916bf6385,1413120,2026-05-23T18:08:21.499Z,ok,5351,
f3b81fd706a98d15d221100b560a5a77,ec7c6ce9-e78c-46a9-a8ae-455a80df8bfb,9576448,2026-05-23T18:08:21.495Z,ok,5376,
f3b81fd706a98d15d221100b560a5a77,f1120636-6d14-4986-8957-938aa21c653b,249856,2026-05-23T18:08:21.491Z,ok,5447,
ab11633354f15e960daed16cf8b96a8b,1a004ec6-b77d-4f36-b8b5-1eab97ec486d,3919872,2026-05-23T18:08:19.663Z,ok,5434,
ab11633354f15e960daed16cf8b96a8b,2db625ce-79ef-4e43-9142-276c91a9491d,91049984,2026-05-23T18:08:19.659Z,ok,6131,
ab11633354f15e960daed16cf8b96a8b,7da515b8-9a43-4242-8075-9fba9a832f65,8146944,2026-05-23T18:08:19.651Z,ok,5254,
ab11633354f15e960daed16cf8b96a8b,a3a06c2e-0635-4a5d-b4b1-62d564f4b84e,131072,2026-05-23T18:08:19.639Z,ok,5239,
ab11633354f15e960daed16cf8b96a8b,db58018f-2419-41f0-a8eb-627cad53a8ab,4116480,2026-05-23T18:08:19.631Z,ok,5302,
ab11633354f15e960daed16cf8b96a8b,e2b4a861-2501-4aa5-8b0c-a06bf61a9755,15548416,2026-05-23T18:08:19.623Z,ok,5268,
ae2b845af019ca5808411cd9664ad450,00c0c5ff-8873-4d46-b1b0-5de7baf4403b,262144,2026-05-22T10:37:41.373Z,ok,5300,
ae2b845af019ca5808411cd9664ad450,d1ac2d96-7c1c-4ef2-9e3b-22774bc01179,339968,2026-05-22T10:37:41.365Z,ok,5236,
ae2b845af019ca5808411cd9664ad450,c0dc5adb-cd9e-4ba3-9403-fdc61d1352b5,327680,2026-05-22T10:37:41.361Z,ok,5232,
ae2b845af019ca5808411cd9664ad450,b5221819-ad22-452d-ba72-caead49fc318,278528,2026-05-22T10:37:41.353Z,ok,5179,
3c9e601668a4756311b23920e3410ad7,1cf8dcee-86f7-477e-9ad6-17098b47f31a,532480,2026-05-21T18:25:56.346Z,ok,5437,
4cecfa8480df7b92ab413a177738459e,cf936ebf-2add-4bff-8a96-5f3b3e62d457,425984,2026-05-17T01:21:08.451Z,ok,5415,
4cecfa8480df7b92ab413a177738459e,5d7e4f8f-2681-48f0-b3ac-9c83f3ab4b3a,286720,2026-05-16T20:57:00.585Z,ok,5440,
4cecfa8480df7b92ab413a177738459e,f04cce8a-e8d4-4cfd-8633-4b592e86eab6,475136,2026-05-16T19:37:21.034Z,ok,5271,
4cecfa8480df7b92ab413a177738459e,dd7973d4-e25d-4bfb-b770-69a892ed4151,274432,2026-05-16T19:34:29.544Z,ok,5177,
4cecfa8480df7b92ab413a177738459e,86ffeaa9-ca15-4687-940a-90fbb93f877b,176128,2026-05-16T19:32:04.868Z,ok,5212,
1add84c060b6e66ff06ac9d6216f6f9e,08b1a265-b6be-4477-a7ad-856f7faa496d,56721408,2026-05-08T15:33:00.677Z,ok,5591,
30dfeef4d3dc2b7bc69953b707a88103,720a4be5-a991-4123-a36d-b6e908ea671c,34025472,2026-05-08T14:59:35.614Z,ok,5632,
a1da37d420be9263ad46a34994d8100a,a176b5db-2cef-4275-a2fa-aa347f9363ee,495616,2026-05-08T14:59:22.433Z,ok,5242,
1add84c060b6e66ff06ac9d6216f6f9e,5e915176-872b-4a52-830b-33e2268c6849,569344,2026-05-05T21:50:34.669Z,ok,5419,
67f7a6b54df6853831f8a63c4a8b1b9a,caeb6a4d-5daf-4a79-a8b1-04ae31456296,724992,2026-05-05T21:50:28.381Z,ok,5285,
60555f94072c02c062583b4f8d5d9fef,e148890b-a267-456f-b426-7ae87109a2f1,495616,2026-05-05T21:50:28.321Z,ok,5436,
30dfeef4d3dc2b7bc69953b707a88103,6c58fad3-9c9c-414e-a7e2-44dbe4aa8d59,2801664,2026-05-05T21:50:20.353Z,ok,5267,
772b25b2f9d78022620d5bd404e7c82d,2c728ee3-983a-415c-a013-11bfdece3c57,20480,2026-05-05T21:48:58.214Z,ok,5246,
5ae46af31d4f9d068ae2bcaf0ee3c488,c21f086d-07e8-4c76-9873-5f359c596729,401408,2026-05-05T10:46:04.970Z,ok,5425,
772b25b2f9d78022620d5bd404e7c82d,e9ec446a-0c86-4cc4-b279-3b6ffe00cb70,281862144,2026-05-03T17:15:48.130Z,ok,5891,
a1da37d420be9263ad46a34994d8100a,ff9f1004-55cf-48f5-a560-47291b3b4321,207613952,2026-05-03T17:12:46.436Z,ok,6048,
47595719fa0587ab03bb15de94a8ed88,357cd71d-0cfe-4793-a2da-f44629bca20a,4448256,2026-05-01T17:42:22.011Z,ok,5353,
5ae46af31d4f9d068ae2bcaf0ee3c488,665b11b9-c446-425f-8183-2f447ca407af,81920,2026-04-23T21:47:56.594Z,ok,5269,
5ae46af31d4f9d068ae2bcaf0ee3c488,50a48f93-6b89-4f55-bfd6-f619e1e0505a,196608,2026-04-23T21:47:56.594Z,ok,5312,
5ae46af31d4f9d068ae2bcaf0ee3c488,3355663a-7380-464c-ad93-821daf8499e8,581632,2026-04-23T21:47:56.590Z,ok,5407,
5ae46af31d4f9d068ae2bcaf0ee3c488,abc-def,20480,2026-04-23T21:47:56.586Z,ok,5677,
5ae46af31d4f9d068ae2bcaf0ee3c488,5db479b4-b991-4e80-a225-0ce72644ad6c,90112,2026-04-23T21:47:56.582Z,ok,5291,
5ae46af31d4f9d068ae2bcaf0ee3c488,46aa6e61-b6b0-474c-9335-e40a69bfa3f2,86016,2026-04-23T21:47:56.582Z,ok,5549,
5ae46af31d4f9d068ae2bcaf0ee3c488,a8004545-4624-44ab-9698-7032651036d8,94208,2026-04-23T21:47:56.578Z,ok,5314,
5ae46af31d4f9d068ae2bcaf0ee3c488,3e813545-776a-4baa-977a-476728a3fab0,90112,2026-04-23T21:47:56.574Z,ok,5264,
5ae46af31d4f9d068ae2bcaf0ee3c488,45794266-8f11-4d74-a3d5-6360f5500fbb,86016,2026-04-23T21:47:56.570Z,ok,5203,
5ae46af31d4f9d068ae2bcaf0ee3c488,720a4be5-a991-4123-a36d-b6e908ea671c,77824,2026-04-23T21:47:56.570Z,ok,5366,
5ae46af31d4f9d068ae2bcaf0ee3c488,4d1eb467-971b-404a-a56d-3337068beb3d,212992,2026-04-23T21:47:56.566Z,ok,5296,
5ae46af31d4f9d068ae2bcaf0ee3c488,--help,20480,2026-04-23T21:47:56.562Z,ok,5290,
5ae46af31d4f9d068ae2bcaf0ee3c488,60da0725-fe9a-423a-9708-60205272f2e2,10604544,2026-04-23T21:47:56.558Z,ok,5253,
5ae46af31d4f9d068ae2bcaf0ee3c488,ad5e7ccb-02eb-4531-ab19-ed72e90519c2,131072,2026-04-23T21:47:56.550Z,ok,5153,
5ae46af31d4f9d068ae2bcaf0ee3c488,65112f06-6293-4f83-99ce-a3523e18dd83,172032,2026-04-23T21:47:56.546Z,ok,5418,
18a02c376432cb60483f9fd12affe123,bae67bcf-7558-409c-a29c-39cc8931a51c,15224832,2026-04-23T21:41:38.098Z,ok,5320,
0f2b4964154f99234eae26a5a2836406,56a86b6f-c160-4902-8e82-234e4113db87,90112,2026-04-20T12:47:35.427Z,ok,5677,
0f2b4964154f99234eae26a5a2836406,e9ec446a-0c86-4cc4-b279-3b6ffe00cb70,94208,2026-04-20T12:47:35.415Z,ok,5365,
0f2b4964154f99234eae26a5a2836406,ad5fcd26-1d03-4f33-af23-6a21755b2eec,176128,2026-04-20T12:47:35.403Z,ok,5269,
0f2b4964154f99234eae26a5a2836406,a40a0800-8754-4460-a4fb-130678f4a81c,94208,2026-04-20T12:47:35.391Z,ok,5266,
f6c74f65df090e02efacf5bce0f175ed,f7d36d49-8534-4f72-91cd-2d261ee0309a,5300224,2026-04-18T13:07:05.815Z,ok,5252,
f6c74f65df090e02efacf5bce0f175ed,5a1b2c91-4b14-4bc8-83df-2017654ae7ac,4202496,2026-04-17T17:17:07.123Z,ok,5124,
f6c74f65df090e02efacf5bce0f175ed,06089a8b-8ff5-40cd-8e60-d6c1c6c96aaa,135168,2026-04-17T16:31:24.758Z,ok,5363,
f6c74f65df090e02efacf5bce0f175ed,08e126df-6665-44f3-ade4-0d4eac6ec548,204800,2026-04-16T11:03:03.924Z,ok,5173,
f6c74f65df090e02efacf5bce0f175ed,e89ee149-30ed-4cb4-b9c9-1e280e63babc,163840,2026-04-15T21:58:33.027Z,ok,5246,
f6c74f65df090e02efacf5bce0f175ed,9d4ef89d-2203-47ad-bf26-589c5240cb5c,446464,2026-04-15T19:07:46.864Z,ok,5108,
e18444e7a3ed49fb761324aeeb338c6b,da95d703-a8dd-4b49-bfd9-0a76d6c65392,90112,2026-04-13T21:34:41.490Z,ok,5135,
ba199272e36442a619dbc6235d567936,18d98d3c-ca28-4466-8744-9d8ed5c00a65,77824,2026-04-12T15:51:01.677Z,ok,5220,
a32ed9f8994f3d0fab15bbbdef09f5d2,fbb54bd3-a4e8-4eb6-99be-f0dac0b7e5cc,315392,2026-04-12T13:27:04.339Z,ok,5486,
019b4d7e359bde644a96b6b0fd658ade,683f1b27-81ef-476f-be47-700029efe8cb,2146304,2026-04-12T11:34:09.382Z,ok,5418,
019b4d7e359bde644a96b6b0fd658ade,7e72da62-c3cf-49ca-98bb-f6b982f42dc7,126976,2026-04-09T20:55:34.831Z,ok,5190,
a32ed9f8994f3d0fab15bbbdef09f5d2,7fa8c3a0-b361-46b2-92bc-e8837de992c5,3457024,2026-04-07T20:20:17.170Z,ok,5176,
a32ed9f8994f3d0fab15bbbdef09f5d2,a3608d16-bd60-4acf-a0c6-21262cd07d3f,446464,2026-04-07T20:20:10.206Z,ok,5629,
a32ed9f8994f3d0fab15bbbdef09f5d2,a9954974-a647-44fa-92ca-4e581e68486a,110592,2026-04-07T20:19:04.456Z,ok,5352,
a32ed9f8994f3d0fab15bbbdef09f5d2,37e663ed-297b-4580-bfa8-144615efa779,557056,2026-04-07T19:57:24.858Z,ok,5125,
a32ed9f8994f3d0fab15bbbdef09f5d2,148037b5-44e5-451d-b41c-217578f32d9d,458752,2026-04-07T19:56:50.073Z,ok,5223,
a32ed9f8994f3d0fab15bbbdef09f5d2,e14e63bb-3eb7-4bbd-9318-e2bcf9b81e0f,253952,2026-04-07T19:56:48.060Z,ok,5372,
ce04e4206521db531273af0235b58115,7f938ff9-2021-4dbf-af2e-1e98cbb1db89,33972224,2026-04-06T19:33:42.583Z,ok,5421,
ce04e4206521db531273af0235b58115,a3a06c2e-0635-4a5d-b4b1-62d564f4b84e,81920,2026-04-06T19:33:32.259Z,ok,5316,
6953be7e9dc25f7e08727fa16849c2bc,019d07f0-5f7f-79d0-9c24-079795b43450,81920,2026-04-04T19:56:46.405Z,ok,5174,
60555f94072c02c062583b4f8d5d9fef,97a71103-f6fe-4684-9f00-7fd83df79ec8,155648,2026-04-03T05:40:36.480Z,ok,5396,
8315f35d1e9dcd5514a6deb4b7857dfb,ea5f3652-f544-4efb-9e61-7056fe0d78dd,2146304,2026-04-03T05:38:26.172Z,ok,5225,
64067a00e4d7f79ab503a748dc880b9f,f6bce739-3b5a-4a23-8e90-a1e089861e89,14274560,2026-03-30T01:58:36.090Z,ok,5225,
5484439791f3cce6a8e02c215aa2a6c5,de387a1f-0f8b-4dd3-b4b4-ed242dbd4311,684032,2026-03-30T01:57:04.608Z,ok,5400,
5484439791f3cce6a8e02c215aa2a6c5,a6a45818-39e6-4e1d-bd96-de96fe593050,1458176,2026-03-30T01:56:28.499Z,ok,5281,
64067a00e4d7f79ab503a748dc880b9f,d7d02fc4-638c-4a6c-a94e-5a1bf5ef4b40,4096,2026-03-30T01:55:49.453Z,ok,5341,
64067a00e4d7f79ab503a748dc880b9f,079bb87f-63ed-45e8-ae42-d8c0ce4a4b4d,229376,2026-03-30T01:55:43.745Z,ok,5291,
64067a00e4d7f79ab503a748dc880b9f,e45f6ef6-f3d4-49d0-b256-49c87c668238,802816,2026-03-30T01:55:31.997Z,ok,5294,
64067a00e4d7f79ab503a748dc880b9f,b53fac55-7199-4805-8970-ca42a0cd76d7,3997696,2026-03-30T01:54:55.316Z,ok,5472,
5484439791f3cce6a8e02c215aa2a6c5,0318297e-e0b6-4a29-ace8-54ff89aa8905,368640,2026-03-30T01:50:10.695Z,ok,5189,
5484439791f3cce6a8e02c215aa2a6c5,7f3a24de-50f2-4413-8dd7-1514b7d68567,319488,2026-03-30T01:49:49.667Z,ok,5257,
64067a00e4d7f79ab503a748dc880b9f,04ae710d-a40e-4454-8a3c-b98bd017cb62,7503872,2026-03-30T01:46:29.012Z,ok,5248,
64067a00e4d7f79ab503a748dc880b9f,8b9d3ee0-4051-43ed-ac1f-99b77a89b6c0,3899392,2026-03-30T01:34:01.868Z,ok,5705,
64067a00e4d7f79ab503a748dc880b9f,f0e022ee-e59a-47ba-a8e8-91171f231939,4222976,2026-03-30T01:31:12.355Z,ok,5286,
64067a00e4d7f79ab503a748dc880b9f,8c113e32-a1f8-49d9-b100-f9e3c6223f19,282624,2026-03-30T01:28:01.973Z,ok,5502,
64067a00e4d7f79ab503a748dc880b9f,5bc98ab8-e6eb-461b-aacd-f46fca88ea63,319488,2026-03-30T01:27:41.685Z,ok,5219,
3d7c6a138070ba551013e0280f71c628,d06fb220-ac87-4e3e-a519-43073a812db3,3514368,2026-03-30T00:01:26.529Z,ok,5219,
3d7c6a138070ba551013e0280f71c628,762f3b45-e5a0-4c5f-8194-5b9fffe37a3b,262144,2026-03-29T23:58:35.458Z,ok,5259,
d21ddc94430d87f0229905a9736e3eb1,0c327902-a6ab-4625-be5d-8628d144f20f,7372800,2026-03-29T23:34:58.879Z,ok,5416,
d21ddc94430d87f0229905a9736e3eb1,afd8c55f-c693-42de-9c23-5145def08e04,172032,2026-03-29T23:30:50.699Z,ok,5248,
d21ddc94430d87f0229905a9736e3eb1,1dc6d604-3a46-49d6-8b32-6f38f0fc27d0,4382720,2026-03-29T23:19:19.970Z,ok,5594,
d21ddc94430d87f0229905a9736e3eb1,c4bc9b3f-d30a-4f17-8888-44075dddfc5d,176128,2026-03-29T23:16:06.601Z,ok,5276,
d21ddc94430d87f0229905a9736e3eb1,6d682e31-c7da-47ae-adbb-3d6a1e7ec41a,172032,2026-03-29T23:08:37.640Z,ok,5274,
d21ddc94430d87f0229905a9736e3eb1,7578d41a-4b58-4f4b-a591-362ffa742bc7,159744,2026-03-29T22:40:22.482Z,ok,5227,
d21ddc94430d87f0229905a9736e3eb1,a401744c-66a8-49a2-8ce4-3af12e38c832,172032,2026-03-29T22:38:24.479Z,ok,5169,
d21ddc94430d87f0229905a9736e3eb1,9b91e57f-6497-4e5d-81d9-2db3ed036ef7,167936,2026-03-29T22:38:15.083Z,ok,5339,
d21ddc94430d87f0229905a9736e3eb1,02dacbd0-b8f3-417c-b9c8-f80f5a99e864,253952,2026-03-29T22:37:52.938Z,ok,5198,
d21ddc94430d87f0229905a9736e3eb1,3235aa41-9b19-41e7-a5e4-018017a76189,172032,2026-03-29T22:37:39.382Z,ok,5270,
d21ddc94430d87f0229905a9736e3eb1,758890cb-2a48-420e-b013-99fb8955f00a,749568,2026-03-29T21:39:50.605Z,ok,5319,
d21ddc94430d87f0229905a9736e3eb1,ffab9d36-7648-4da5-8df8-cd1e29065fc0,294912,2026-03-29T21:34:16.780Z,ok,5486,
d21ddc94430d87f0229905a9736e3eb1,8ad527ae-56f1-4895-8459-2cafc707a74f,266240,2026-03-29T21:31:36.117Z,ok,5372,
d21ddc94430d87f0229905a9736e3eb1,212a509a-442a-4222-8e2d-1e15063eb3f3,368640,2026-03-29T21:31:02.384Z,ok,5423,
d21ddc94430d87f0229905a9736e3eb1,0c9ba3d6-b511-4d01-a5c6-10bc28989341,311296,2026-03-29T21:25:11.998Z,ok,5444,
8abc25f8be8bcda4fe4c0b7b4f50e716,db15931c-5f83-454a-b5fe-ccdeadeaca8b,385024,2026-03-29T20:54:57.488Z,ok,5246,
78cb0cc1237dbc05a89b2e5750a0e711,1857432d-3d0f-4635-a0b0-b33e37cc9d03,192512,2026-03-29T19:30:30.179Z,ok,5290,
e85125b17d291d122b1e568d0c6ce321,e63cf2c7-bec8-4db3-9628-6b481fd4fa23,7122944,2026-03-24T15:07:38.292Z,ok,5534,
79513db9c294f19ef8bd674f6c990560,8ff0a1dc-f626-4769-b097-28ab059e7e17,688128,2026-03-23T02:49:41.570Z,ok,5201,
a1da37d420be9263ad46a34994d8100a,a997e321-ca53-48b4-83bd-f41b02d5b45d,2052096,2026-03-23T02:48:56.377Z,ok,5227,
9063be09326c38fcd7be931807db7c5f,88bb8ca5-b33a-47d3-8ec6-498a0becbecb,1306624,2026-03-23T02:48:17.900Z,ok,5350,
a78c8eb17d38ba4750ffae99ebded9e3,21ff6ed6-2306-40e3-9784-20ed7992ab1c,925696,2026-03-23T02:47:03.534Z,ok,5169,
a51f90eee9e1f3e472cffe35e4977372,ccb43541-c78d-4e27-97ce-d4361a79d1a4,761856,2026-03-23T02:46:30.922Z,ok,5361,
a1da37d420be9263ad46a34994d8100a,a1e72ebc-075e-466d-ba59-a78e3ccff64c,1617920,2026-03-23T02:46:27.745Z,ok,5224,
b8cfe69f484a6f125d5ffce2083c61bb,687cb76c-d384-466b-86db-0dd2a5c06fb2,1265664,2026-03-23T02:45:12.164Z,ok,5347,
b146dcc5c0815fa77fee9ee01c2a2e64,8739a0b0-80e8-4d6f-b51d-1d0209e93eba,909312,2026-03-23T02:44:21.422Z,ok,5260,
cbf956260512b55364c910e364b2f8fc,f05e2dd0-5250-4f8b-bbf6-d906388440c4,434176,2026-03-23T02:43:17.405Z,ok,5271,
a1da37d420be9263ad46a34994d8100a,df7af027-d515-4f2e-9591-6d2eefdc31dc,1241088,2026-03-23T02:43:36.769Z,ok,5372,
18d9761f2095676d207309828d8afdba,3887702c-8499-4915-8612-ad8324ca3516,548864,2026-03-23T02:42:24.199Z,ok,5101,
a5dff253fc0a2401cff69891e6b15ed4,81c4e29c-da5c-45cf-9e2e-477a1da8948e,585728,2026-03-23T02:42:17.723Z,ok,5216,
9f5f1cae248a288c93d2ca155d7001c6,4b7c7d10-9afc-4b3f-8ca6-5fac18f8360e,425984,2026-03-23T02:41:51.839Z,ok,5459,
60e44beff9fe993bffc0ffd88ee5d2cd,ddbd138d-38d0-4783-a037-1be5eca288e1,937984,2026-03-23T02:41:06.066Z,ok,5586,
a1da37d420be9263ad46a34994d8100a,28dfa513-b18f-4b57-bb61-33c602f743f2,1961984,2026-03-23T02:41:05.450Z,ok,5204,
13fd60bc935151a13c7e5923d5d47d8c,f3a3cf7e-737d-4c97-9f4e-29f0f656598e,720896,2026-03-23T02:40:54.069Z,ok,5528,
979794f9045ad318c29bf4a1dcab08b7,14b6a9c2-9c51-402a-9fe3-0e5872a37a9f,413696,2026-03-23T02:39:51.288Z,ok,5360,
b9d6f335910d58330d94bbc1dd172b0f,c047a9d4-d342-4725-b0c7-de6b91e314cd,1728512,2026-03-23T02:38:54.354Z,ok,5285,
ad7514570e3934c61ed4b1d3488e0cbf,27f068c7-5298-4a49-9906-84ddcd3a7b28,1126400,2026-03-23T02:38:30.534Z,ok,5467,
2b3847818a2bd9211aebe234cd1caa01,12e7c983-9db0-45b6-bd4f-068d542a5ac0,667648,2026-03-23T02:37:48.101Z,ok,5319,
c11e5e4b93ba192bf84e5636153ab423,13a38317-0e16-432b-954f-f27d7ff8056d,831488,2026-03-23T02:36:29.567Z,ok,5552,
a1da37d420be9263ad46a34994d8100a,2a73fec1-b57d-415b-8d7e-c838c8dc98a1,2686976,2026-03-23T02:37:19.772Z,ok,5654,
efdbe0c7dfd24fdbbdd10c2da6671870,ad832428-70b0-42a2-89fc-db59590cfd6b,712704,2026-03-23T02:36:22.751Z,ok,5486,
6ff40209f5a1cadaf029c91dd1e8b65a,27a2e46b-453a-480e-a42a-a8d9b02bf415,802816,2026-03-23T02:35:53.782Z,ok,5306,
9ddda9438d307aca73530edcc726d947,9479cfe9-ef67-4917-9f3c-438f61ac5117,1687552,2026-03-23T02:34:47.768Z,ok,5429,
13e070d6e1b2e0400d6b6ecc93874218,37ac78ff-7333-4b34-bb5c-962ed0a1326e,1019904,2026-03-23T02:31:27.864Z,ok,5525,
80d819ddead36dba859d803e43446f9d,84fa8fe3-e09b-4f46-aca6-0f43c712e1fa,901120,2026-03-23T02:31:25.088Z,ok,5280,
a1da37d420be9263ad46a34994d8100a,c26e2ddf-da08-4080-ad45-4d2ce31672ac,1556480,2026-03-23T02:30:33.174Z,ok,5283,
2d62a1bbda600029758b710ae8ce001c,33a825b3-55ba-4776-bbfd-178f68815d36,1552384,2026-03-23T02:29:47.361Z,ok,5448,
a26ab85503abc1a005a48286164b168a,f90c5b29-cf41-4fbf-8703-b9ed73ad7368,1236992,2026-03-23T02:29:37.469Z,ok,5404,
56741580b4bf1f9405c8b2d30d6a17f8,e0336173-d067-4be6-893b-b65d71008ccd,634880,2026-03-23T02:28:19.867Z,ok,5199,
a1da37d420be9263ad46a34994d8100a,0b2f4df4-0240-4742-9e05-e83c21cd8046,1372160,2026-03-23T02:27:51.258Z,ok,5105,
6c26220edb25c8c94540cbff6db99a6e,aeebf8f9-1af9-45a9-8b4c-f741417ea1a6,679936,2026-03-23T02:27:18.270Z,ok,5266,
6fbf7ae72441e718158cd4213b488cdf,cb6c3f4f-4da2-4fd1-802a-8993381ef2c9,520192,2026-03-23T02:27:18.682Z,ok,5471,
976fc8943fb9abfdd72aa1fc0641e678,8fca723b-7175-4148-a190-f802eea8bcd6,618496,2026-03-23T02:27:10.526Z,ok,5299,
2bd783f7025e07c3e6bf01f362603aec,41681416-463e-49f8-b384-6f05c482d62d,2191360,2026-03-23T02:26:09.468Z,ok,5186,
f0dd7cd5cf6cefbdfa4879b95087f903,c54e3103-3bef-486b-9725-1a8ffb40c2e7,1880064,2026-03-23T02:25:40.827Z,ok,5470,
53657bfbe14ec3edbfc4e59f91811bfa,c1a680ce-ccd2-44f4-a0d7-aeea29e56482,720896,2026-03-23T02:21:30.062Z,ok,5360,
b2314f774fed591682685952ceacd16f,16e97e5e-01b9-42d0-a93c-99d36668c3c5,753664,2026-03-23T02:22:51.604Z,ok,5643,
7582bd4bf20858431eb628c5c53310ef,f0c72cf5-911a-4d0c-bba5-f33d99ef0d33,692224,2026-03-23T02:21:22.934Z,ok,5351,
ab67dee956ecf2bff98d5d66e7a99263,4eb65e34-0f7e-4cd8-8aa0-884b3520a13a,610304,2026-03-23T02:21:10.825Z,ok,5246,
cdf4080c42650d93cc23faebdb509684,8cef8a26-45c2-4582-96be-aa4f799059e9,2662400,2026-03-23T02:20:01.428Z,ok,5512,
4dac437f15371ba80709f56251673efc,1b938925-a836-4973-8d34-1b09f8004608,507904,2026-03-23T02:17:20.037Z,ok,5518,
df27e06b0c7ad14e9e90898a9d15c6d0,a0c71cf3-00e9-48ac-a657-4846d9e4cea9,475136,2026-03-23T02:17:19.265Z,ok,5439,
24af9541e31b7cf7b966a1223644fa30,dff4c978-f387-4a86-b96e-36cb4823a909,1101824,2026-03-23T02:16:22.516Z,ok,5461,
5f29e6c42a97faf84e64af651f6781fc,a4f5c534-3f01-4fea-a471-89b7748cbf61,2490368,2026-03-23T02:16:13.307Z,ok,5635,
813b47ba1b4689a3f1863afe9f70b26a,4b3c3979-f3d0-4e25-96a3-9fee8cc9f24d,1368064,2026-03-23T02:15:54.359Z,ok,5511,
7410d4c1be89e1ccf019e6f87cce371a,ca87843b-c52a-4587-837d-960b2aca4bd8,1044480,2026-03-23T02:13:28.724Z,ok,5510,
e4267568f191e90a77ba2ac299ae11f1,c39470ac-eb7d-47e7-b0e0-5c70498c32c4,966656,2026-03-23T02:13:13.808Z,ok,5528,
97ee342645d3de0ce5853f7db4f34271,902bf372-aaa8-4074-a0b1-605f110ece49,577536,2026-03-23T02:12:46.216Z,ok,5614,
a1da37d420be9263ad46a34994d8100a,c66d5ef1-fb23-4a17-97ff-8df1b11e1ee8,897024,2026-03-23T02:08:35.548Z,ok,5586,
a1da37d420be9263ad46a34994d8100a,63b936ed-5688-4e66-9668-c8a5fa2ec52f,1691648,2026-03-22T19:20:55.466Z,ok,5813,
a1da37d420be9263ad46a34994d8100a,875cc208-633a-4724-9f3a-7e697be88755,262144,2026-03-22T19:17:59.968Z,ok,5095,
a1da37d420be9263ad46a34994d8100a,f4c4a3a0-9ca5-4c21-8f30-7c255fca07b0,90112,2026-03-22T19:17:22.631Z,ok,5313,
a1da37d420be9263ad46a34994d8100a,292bc4d7-0063-44bd-9ac7-e4e9b3c3397a,196608,2026-03-22T19:16:44.002Z,ok,5497,
a1da37d420be9263ad46a34994d8100a,b9ea83a3-9cbb-4ca9-8ffc-2f1f7412fc43,237568,2026-03-22T19:16:23.989Z,ok,5677,
a1da37d420be9263ad46a34994d8100a,6429a9d2-45f0-4d0d-bd6b-7fb630fd158a,69632,2026-03-22T19:15:58.944Z,ok,5280,
a1da37d420be9263ad46a34994d8100a,1b2d6d32-14ac-4441-8f8e-9fd46def4605,57344,2026-03-22T19:03:37.576Z,ok,5281,
4b81add22877cf622231ef0920cf7902,37e80001-ef0b-4f7f-99d8-a74dcc701fdf,57344,2026-03-22T19:03:47.708Z,ok,5542,
a1da37d420be9263ad46a34994d8100a,8d3de5df-37b0-4488-a9c2-b9f8a966a93e,593920,2026-03-22T15:59:20.617Z,ok,5268,
f75e00092c90b3211c6a5dabfc1804cd,7bcca841-9111-409c-b755-557d40a2491b,44011520,2026-03-20T16:04:53.254Z,ok,5553,
5f5b2276e48a7d647e7f9e9788815bff,ba823f5f-ebb8-451e-951d-666a52f24bde,888832,2026-03-19T19:26:40.106Z,ok,5224,
82f983bb77a7d5df54d6b22b4b57d246,53f9f182-5e73-495c-8954-6f6552e744b6,75751424,2026-03-19T07:05:07.460Z,ok,5715,
82f983bb77a7d5df54d6b22b4b57d246,bca140a2-7cb7-4962-81fa-4122d456078f,81920,2026-03-12T13:26:09.025Z,ok,5187,
82f983bb77a7d5df54d6b22b4b57d246,e9c66a74-ceac-4653-b40d-0ffedeb105ab,77824,2026-03-12T13:26:09.021Z,ok,5271,
e18444e7a3ed49fb761324aeeb338c6b,d28e7dbc-ee1d-4f4a-b4d0-113dc790b07b,3133440,2026-02-10T18:49:43.691Z,ok,5331,
add0b7df57c26875bb5d9fdb236b23ba,2952a66f-1a97-40fc-b6d4-6de531685ab2,19697664,2026-01-26T17:44:55.880Z,ok,5559,
add0b7df57c26875bb5d9fdb236b23ba,4cd06b60-453d-47ad-a8de-2cd30f1abc96,1753088,2026-01-26T17:44:55.888Z,ok,5821,
add0b7df57c26875bb5d9fdb236b23ba,60218cd9-4d7a-4725-8a96-e3ebb740d492,2715648,2026-01-26T17:44:55.876Z,ok,5605,
add0b7df57c26875bb5d9fdb236b23ba,a6c70d4a-dc1a-4280-8b12-fcc4ccb92f72,20480,2026-01-26T17:44:55.872Z,ok,5588,
26b45dee59687bc3acb60c1edbe0dd50,beb3def5-02a2-4085-adb7-b140f2656705,13709312,2026-01-26T12:48:22.090Z,ok,5633,
41b198c2e0c956497688aa0d96fa7203,7ad99c31-0fe6-4a9e-8de8-141e3ac99750,61018112,2026-01-26T12:48:22.106Z,ok,5813,
ba97920caba6768a4cec25d0faffac8e,65a8f146-7e21-4cc6-b0b2-c3603b1adf76,2134016,2026-01-25T23:48:46.032Z,ok,5242,
4d3e120ae4a26de04362290535390bfd,44fcc499-033f-4ddb-8641-d9337bc62f82,8273920,2026-01-20T02:00:41.578Z,ok,5397,
504f1f3a38f47002dd7270b23819fa6c,d4d49f9c-6131-469d-8646-788b1fd66c0c,1810432,2025-12-24T00:21:14.142Z,ok,5317,
504f1f3a38f47002dd7270b23819fa6c,d23b7de7-db7e-4e1a-9600-fa1d2e558913,3559424,2025-12-24T00:04:52.232Z,ok,5544,
b8a54110d01b1d5f9054a6323e82fe0f,9860362f-4a8c-4276-9da9-c13c533b77b9,126976,2025-11-10T11:52:59.534Z,ok,5241,
322848495e0e924580551875b1ab2322,296c26b9-d0e0-46cc-9783-b19a503e2f30,77824,2025-11-10T11:49:11.686Z,ok,5378,
